RA,DEC,XSIZE,YSIZE
49.9208333333, -19.4166666667, 6.6, 6.6
41.5708333333, -30.2833333333, 9, 9
54.7208333333, -26.3333333333, 6.6, 6.6
