RA,DEC,XSIZE,YSIZE,ID,TILENAME,THUMBNAME
0.29782658,0.029086056,3,3,1111,DES2359+0001,DES_0.29782658-0.029086056
1.0319154,0.026711725,3,3,1111,DES0005+0001,DES_1.0319154-0.026711725
1.1319154,0.026711725,3,3,1111,DES0005+0001,DES_1.1319154-0.026711725
0.30144268,0.028319,3,3,1111,DES2359+0001,DES_0.30144268-0.028319
0.71925223,0.0081421517,3,3,1232,DES0002+0001,DES_0.71925223-0.0081421517
0.61667249,0.13929069,2,2,1123,DES0002+0001,DES_0.61667249-0.13929069
0.615752,0.070078051,3,3,1232,DES0002+0001,DES_0.615752-0.070078051
