RA,DEC,XSIZE,YSIZE
54.7840655, -26.3533091, 1, 1
