RA,DEC,XSIZE,YSIZE
15.71875, -49.24944, 1, 1
